{"mean_reward": 256.7207528994312, "std_reward": 22.768332185111582, "is_deterministic": true, "n_eval_episodes": 10, "eval_datetime": "2025-01-27T15:22:43.426168"}